Factory best price Coaxial Cable RG59 RG6 for system,US $4.85-5.94 / Box
1000m range surveillance PTZ thermal Imager CCTV camera,UNKNOWN
"2channels HDMI input and loop-through,1080P60 PCI-e, live streaming,webcasting,game broadcasting, capture card",US $352.0-426.0 / Piece
China Supplier 24*10Giga 1*10/100/1000Mbps rj45 Port 10Gigabit ethernet Switch,US $1789.0-2235.0 / Set
"58Khz electronic Article surveillance system,retail security sytem,eas system",US $330-420 / Set
Wifi baby surveillance p2p 960p smart security ip camera,US $29.0-30.5 / Piece
"High quality Waterproof Size60 Bullet CCTV Camera ip66 Metal Case for , Secure Eye CCTV Camera",US $2.46-2.77 / Set
MBW Wireless GSM SIM Phone Device Surveillance,US $7.41-8.08 / Piece
ip video surveillance 1.3MP CMOS AR0130 with 36pcs IR LED nightvision ip camera,US $76-84 / Piece
Security Surveillance Made In China Closed Circuit TV Cameras,UNKNOWN
Outdoor 3.6mm Lens Shenzhen Surveillance Waterproof 720P AHD Camera,US $19.0-25.0 / Piece | Buy Now
New Model Mini Camera Spy Module Cam Video With Wall Remote Contral,US $13.99-20.99 / Piece
video surveillance 32inch(MJHD-320),US $0-1 / Piece
H.264 Video 3 MP HD IP Camera CCTV Cameras Outdoor IP Cam P2P 42IR Home Security Camera,US $9-15 / Piece
full ahd hd cctv camera C11 portable endoscope camera cheap cost outdoor security equipment waterproof,US $36-48 / Piece
"Waterproof PTZ wired IP cameras, outdoor home monitors with 2mp 1080p night vision",US $1-287.67 / Set
best ip dome camera surveillance,US $40-70 / Piece
2MP HD 4 Channel Surveillance 1920*1080P Home Black Metal Bullet Security Camera DVR Kit AHD 3000TVL Outdoor 4CH CCTV System Kit,US $30-90 / Piece
High Resolution Weatherproof gsm ip camera surveillance with IR Night Vision,US $8000-11000 / Set
Home Security Surveillance 700 / 800 / 1000 TVL cctv dome camera with audio,US $1-13 / Piece
Black Mini Wifi USB Adapter Hidden HD Camera 1080P Covert Nanny Wall Charger Camera Home and Security,US $1-31 / Piece
Support Wireless WIFI Audio Video Surveillance,US $60-75 / Piece
Best Price Tianyu Brand Rolling Door Mobile Camera Home Wireless,US $80-170 / Piece
IR night vision Waterproof 360 camera surveillance for BUS / TRUCK /Engineering vehicles,US $22-25 / Piece
security surveillance DS-2CD2042WD-I camera ip hikvision,UNKNOWN
"cctv wireless camera wireless HD 960P IP Camera Wifi Onvif Video ,Power Supply 12v Dc",US $25.5-26.8 / Piece
Home Security Surveillance 700 / 800 / 900/1200 TVL CCTV Camera In dubai,US $15-20 / Piece
"HD wireless camera video monitor IP/network /home security, 960p, night vision, motion detection & alerts",US $1-50 / Piece
Mini Size Wifi 3G Sim Card Surveillance Mobile used in home and car Wireless wifi ip Camera,US $27.0-28.0 / Piece
Wireless Fake Dome Camera Flashing LED Home Dummy Security CCTV,US $1.7-3.7 / Piece
"Smallest Mini 600TVL 500MP 1/4"" HD Sensor Cone Pinhole CCTV Camera Hidden Covert Cam Security Video",US $9.02-10.55 / Piece
"system video surveilence,wireless cctv IP system,wireless 4 channel cctv ip system",UNKNOWN
Vite vision Shenzhen surveillance brand wholesale price HD 1.3MP bullet vandal proof IR security CCTV AHD camera,US $8.5-12.5 / Piece
2016 New 720P 1.0MP 180 Full Degree View Fisheye Mini Panoramic WIFI IP Camera Video,US $15.0-17.0 / Piece
indoor dome ip fisheye 360 degree megapixel camera for home,US $50-150 / Piece
Manufacturer Day/night Surveillance P2P Wifi NVR Kit 4CH 720P Wireless Video Camera Systems,US $135-140 / Set
"2015 Newest HD MD81S Mini WIFI camera, smart home video , wifi cmos IP camera with 6pcs IR light for Night vision",US $1-99 / Piece
MY-307 Waterproof IP Webcam Support Phone Control HD1080P 2.0MP IP Cloud CCTV Camera 36IR LED IR-CUT Outdoor Indoor,UNKNOWN
"ir thermal night vision camera,thermal camera (XY-IR312)",US $1750-1900 / Set
Home Surveillance 2MP 1.7mm Fisheye Lens 1080P Full HD Panorama IP Camera With IR Night Vision Support Onvif P2P,UNKNOWN
WIFI IP Remote Alarm Clock Wireless Hidden Camera Video,US $1-100 / Piece
Home Security Surveillance 700 / 800 / 1000 TVL 18m ir distance cctv camera,UNKNOWN
LS VISION long range mini wireless camera wireless security cameras camera home wireless,UNKNOWN
P2P WiFi smart 720P 960P 1080P Motion Detection IP Camera for outdoor,US $1-12 / Piece
"IP/Network, Wireless, Video Monitoring, Surveillance and Security Camera With Two-way Audio and Night Vision Camera",US $10-40 / Piece
360 camera Dashboard Car DVR Dash Cam and Rear View Camera Accident Recording System with Night Vision 720P Camera,UNKNOWN
Top Rated Hidden Camera 3GP format Home Surveillance and Spy Camera Hidden for Home Security,US $1-49 / Piece
HD 1080P 2 Megapixel CMOS 50M IR Waterproof IP camera video,US $47.0-52.0 / Piece
Security cctv hd ip camera 1080p 2.0mp bullet outdoor using high definition,US $37.0 / Piece
"HD Wireless IP Surveillance Camera, IP Camera Wifi Onvif Video , Low price quality home wireless hd",US $13.91-14.95 / Piece
Manufacturer Surveillance 9CH NVR Kit IP Camera For Home Security,US $277-285 / Unit
"visiondrive 301 1280*960 AHD 1.3 MP IR MINI CCTV Cam,mini camera Security Camera for",US $18-40 / Set
Products 2MP HD 1080P AHD Camera Security Camera Outdoor Waterproof 4* Array infrared night vision CCTV Camera,US $7-18 / Piece
Surveillance 2.0Megapixel 35M IR Night Vision Support P2P And WIFI IP Camera POE,US $49-99 / Piece
2016 new wifi p2p ptz camera home surveillance wireless,US $31-80 / Piece
Fake Camera Protect Home Security CCTV Surveillance,US $2.05-2.45 / Piece
"Waterproof Mini Bullet CCTV Camera1.3 MP TVI Video , Secure Eye CCTV Camera",US $10-30 / Piece
Wifi ip camera mount easy ptz wifi wireless ip camera with IR CUT cctv camera,US $21-25 / Piece
800 Line 50cm~infinity DOF Micro CCTV Camera Module For,US $1-25 / Piece
Wanscam H.264 Day &Night Camera Home Surveillance Wireless P2P Network Camera Networkcamera Video Call Free IOS&Andriod APP,US $46-48 / Piece
CCTV 720P PTZ Robot WIFI Camera/Plug and Play YOOSEE IP Camera home wireless,US $15-35 / Piece
Outdoor P2P Surveillance 8CH Wireless WIFI NVR camera kit/ 720P HD Mobile 8ch security system,UNKNOWN
Camera CCTV Dome Camer Surveillance 10M,US $1-15 / Piece
Bulb-Shaped CCTV Bulb WIFI Camera Security Surveillance with APP control LED Light Hidden Bulb,US $1-45 / Piece
2mp 3mp 4mp IP66 waterproof external security p2p ip camera de,US $1-20 / Set
"New Arrival HD CCTV 1.0MP 720p AHD Camera Outdoor/Waterproof IR 30M,Metal Dome HDMI Output Security Video",US $32.91-39.49 / Piece
"FDL-WFK12 2.4G wireless WIFI doorbell,Video IP Home Security products,wifi doorbell camera",US $0-1 / Piece
"wifi camera baby monitor and mobile video surveillance for iphone/ipad ,android phone,laptop,pc and tablet pc",UNKNOWN
2016 Hot selling Full HD Plastic IR Dome Camera indoor wireless 1080P 4 IN 1 camera,US $20-25 / Piece
Surveillance HD 2MP TVI Camera 1080P AHD CVI 4 in 1 CCTV Outdoor Camera,US $1-35 / Piece
WPS wireless connection HD CCTV security ip wifi Camera 720P Video,UNKNOWN
Wireless PIR Alarm Audio IP Camera With SD Card Slot Tempreture Sensor Support ONVIF P2P Home,US $39.9-49.3 / Piece | Buy Now
Wireless Video Surveillance with 9pcs HD WIFI IP Cameras 1.0MP or 1.3MP Optional Support Android iOS Mobile Phone to Monitor,US $1-240 / Set
SUNIVISION FACTORY!!! video surveillance,US $300-499 / Piece
White Mini USB Adapter Hidden HD Camera 1080P Charger Camera Home and Security webcam hidden,US $1-36 / Piece
Explosion-proof metal Vandal Surveillance 960p /960h 1.4MP AHD dome camera 2.8~12mm lens,US $1-39 / Piece
1.0/ 1.3/ 2.0MP IP Bullet Camera/ P2P/ Cloud/ Plug & Play/ Water Proof/ Security/ CCTV/ ONVIF/ / Monitor,US $29-34 / Piece
Security 8 Camera 1080P PoE for optional IP CCTV Kit High Definition Video For Your Home or Business,US $1-260 / Piece
"Night Vision 720P ONVIF CCTV WIFI Mini Camera,nvr ip camera,Video",US $17.3-18.5 / Piece
H.264 Video 3 MP HD IP Camera CCTV Cameras Outdoor IP Cam P2P 42IR Home Security Camera,US $0-1 / Piece
hot selling 1.3 and 2 mega pixel available hd720p sports camera/signet cctv camera wireless/camera home wireless,US $15-180 / Set
1080P 2MP Cheaper Infrared Waterproof IP67 Bullet HD AHD Camera,US $9.7-10.0 / Pieces
2016 cctv camera outdoor day and night full color vision 1.3 megapixel wireless p2p wifi ip camera security system,US $35.8 / Piece
XMeye APP bullet cctv ip66 outdoor ip camera bullet 10-70mm lens hd camera,US $36.0-39.0 / Piece
P2P Surveillance WIFI 8CH Wireless cctv camera NVR kit system,UNKNOWN
"3.6mm lens HD 720P IP WiFi Camera network cam Wireless CCTV with 8G memory card, support smart android iphone phone",US $63.0-65.0 / Pieces
Wireless Indoor security Fake Dummy Camera Flashing LED W/cctv camera warnning sticker decal,UNKNOWN
Dongjia HD CCTV Camera Set 4 Waterproof Video Surveillance 720P 960 Kit Camaras De Seguridad,US $10-80 / Piece
Mini Hidden PTZ Wifi Wireless IP Camera for bedroom home,US $40-75 / Piece
2015 CCTV Bulb DVR Camera Security Surveillance with Remote Control LED Light Mirror face Hidden Bulb Wifi IP Camera,US $1-29.9 / Piece
"KENDOM NEW Arrivals 4K IP Camera CCTV Surveillance High-Tech H.265 3MP IP Camera, Available with Face recognition system",US $10-69 / Piece
"Saful TS-908C High quality digital wireless video camera,hidden door wireless camera home wireless",UNKNOWN
1.3 mp 960P AHD pinhole mini hidden camera for cctv ELP-HD212A,US $15.7-17.07 / Piece
cheapest IR outdoor cctv camera for bus/car/truck installation,US $1-16.9 / Piece
1.3 mp 960P AHD pinhole mini hidden camera for cctv 34x34mm With OSD Menu 3.7MM pinhole or 3.6mm board mini camera,US $1-27 / Piece
HD iDVR camera home surveillance wireless long range mini wireless camera camera de,US $90-99 / Set
2.0MP IP Surveillence 36pcs LED 1080P ONVIF Camera Night Vision Security Waterproof Outdoor IR Bullet Network IP Camera P2P,US $1-40 / Piece
Hotselling Surveillance IP Wireless WIFI/LAN Camera with Night Vision and Pan/Tilt Motors / One Way Alarm,US $28-30 / Piece
"CE,FCC,RoHS certificates High quality smaller than finger mini camera for and robot/FPV device",US $24.3-32 / Piece
Sricam SP008 ODM pan/tilt ip camera wifi full hd 720p wireless Motion detectioin alarm home security camera,US $25-30 / Piece
Dahua 7-inch Color Indoor Monitor Video Intercom 7 Inch IP Kit Support 32 channel IP camera,US $1-250 / Piece
Wireless 720P 1.0MP P2P WIFI IP Camera indoor home with DDNS video CCTV ONVIF IP Camera,US $19.8-24.8 / Piece | Buy Now
"720P HD P2P Police Portable network camera de , S180",US $59.5-75.5 / Piece
thermal camera with long range zoom lens for 12km,UNKNOWN
Ambarella S2 + Sony IMX226 IP Security Camera Remote with SDK / CMS / Onvif / HDMI / USB /Audio / Alarm,UNKNOWN
Shenzhen Outdoor Surveillance 720P Ip Camera System with Yoosee App Video Recording,US $10-50 / Piece
1080P HD display CCTV surveillance 4 camera cctv system with hdd,US $100-200 / Piece
wireless cube ip camera kit video surveillance from China,US $80.04-87.0 / Piece
Made in China 7 inch Digital camera surveillance,US $115-138 / Piece
Clever dog CCTV camera ip camera indoor smart home for home security made in China,US $10-35 / Set
"LS VISION plug and play 1.3mp bullet ip camera,4ch 960p nvr kit,cctv & products",UNKNOWN
2016 CCTV Bulb DVR Camera Security Surveillance with Remote Control LED Light Mirror face Hidden Bulb Wifi IP Camera,US $60-80 / Piece
popupar clever dog wifi camera surveillance,US $23.5-26 / Unit
security monitoring camera outdoor support wifi/gprs/3g cellphone active battery operated for remote area,US $1-79 / Piece
video surveillance 360 auto moving touch turning smart family robot,US $100.0 / Pieces
iOS browser viewing Wireless NVR System IR IP camera wi fi kit set 8 channel 720P 1 MP CCTV Security,US $50-150 / Piece
Home Security Surveilance P2P Wireless wifi ip camera H.264 baby monitor support IOS & Android APP,US $68.5 / Set | Buy Now
portable IP67 security guard body worn camera 3g video for law enforcement,US $100-150 / Piece
battery powered wireless ip camera WiFi IP Camera with NVR Kit Wireless Home Security,US $40.0 / Set
"Hot wifi ip security camera system 1080P 2 mp camera home wireless, plug and play home camera installa",US $10-425 / Set
wifi glasses spy camera 3g sim security outdoor camera de WIFI+3G/GSM camera alarm W12,US $56.0 / Piece
OHD1080-KA30 2MP DNR varifocal IR Range 25m WDR/BLC/HLC/D-ZOOM HD SDI best long distance 1080p cctv camera,US $47.9-58.9 / Piece
4CH Full hd 1.3 Megapixel 960P P2P Onvif nvr wireless ip camera kit camera de for indoor and outdoor,US $100-150 / Set
high quality dvr kit Home security kits 720p 1mp 4 cameras 4ch dvr h264 with P2P CMS,US $50-80 / Piece
Selling Alibaba Hotest HD 720P wireless hidden spy pen camera support mobile phone,US $23.0-26.0 / Pieces
ENSTER hot selling full hd infrared surveillance H.265 5MP IP camera plug and play ip camera,US $10-15 / Piece
"auto zoom motorized 3mp 30m IR Dome POE IP Camera, cctv security , ip cctv system",UNKNOWN
Sunglasses Cameras Surveillance CT1052,US $13-16 / Piece
Advanced under vehicle surveillance (UVSS) Integrated with ANPR,US $1-88888 / Set
Hot and selling!!! Dummy Dome Camera Security Surveillance Fake RED LED Flashing,US $2.5-4.5 / Piece
4CH POE NVR Kit Surveillance 720P POE IP Camera Security System,US $145-150 / Unit
300m Underwater Deep water Dual Viewing 360 Camera for Underwater Inspection &,US $1-3000 / Set
YI Home Security Yi Smart HD Video Monitor IP Network 720p Night Vision Alert Motion Detection Webcam White,US $36.99-59.99 / Piece | Buy Now
"ESCAM QF001(1280*720) CMOS Hi processor, camera video",US $1-19.9 / Unit
FHD 2016 Products ptz cameras DV wifi spy camera minicamera the wireless,US $23-29 / Piece
Color 800TVL CMOS CCTV Outdoor Dome Camera 3.6mm Security,US $18.5-29.5 / Piece
"Waterproof Bullet type HD CCTV surveillance 960P AHD camera,1.3MP AHD camera",UNKNOWN
"2016 EASYN 2MP full HD real time monitoring with audio in and out, webcam with remote control ,wireless camera",US $61-80 / Piece
"Family surveillance 1080P button Camera,support 32GB recodrding and detection camera button",US $19.5-21.3 / Piece
Black Mini Wifi USB Adapter Hidden HD Camera M1 1080P Covert Nanny Wall Charger Camera Home and Security,US $13-15 / Unit
Night Vision Portable MINI Digital Camera Surveillance with Motion Detection (DW-226A),UNKNOWN
WiFi Mini Spy Camera Clock Nanny Cam with Motion Activated Video and Audio Recording for Home Security &,US $1-45 / Piece
2Mp motion detection email elert remote security camera iphone/android app online real-time view cctv security,US $1-50 / Piece
IR cut ponit and shoot indoor CCTV surveillance digital top 10 rated MHD Weatherproof IR Distance 50 for home security,US $14.9-19.9 / Piece
Shenzhen surveilance 2.0MP Cctv camera china wholesale onvif security camera system hd,US $16.81-18.81 / Piece
ONVIF Mobile surveillance 3 Megapixel 3G WIFI RTMP IP Camera rtmp network camera,US $120-220 / Piece
HD wireless wifi ip body worn camera remote surveillance and real-time playback,US $22.0 / Piece
Video surveillance 1080P AHD CVI TVI CVBS 4 in 1 IR Fisheye Dome Security Cameras,US $16-50 / Piece
AHD outdoor h.264 onvif wifi cctv camera public video,US $92-100 / Set
cctv camera system surveillance h264 4 in 1 full hd night vision bullet cctv camera 4mp,US $18.5 / Piece
"1/3"" CMOS 1200TVL CCTV Home Surveillance Weatherproof 48 Led 3.6mm Lens Wide Angle Bullet Security Camera with IR Cut-130ft IR",US $7.2-13.1 / Piece
Low Price Special Mini Housing CMOS onvif Digital 960P IP dome camera CCTV Kamera,US $1-30 / Piece
25/30fps 5MP POE Audio IP Security Camera IR Outdoor Digital OV5658 Hisilicon 3516A ONVIF Network (SIP-E01-5658AP),UNKNOWN
DIY P2P Mobile Surveillance 1.3mp wireless NVR Kit,US $223.5-233.5 / Set
P2P Surveillance 8CH Wireless WIFI NVR camera kit/ 8ch cctv camera system,US $1-100 / Piece
Remote Video Surveillance Buy Mini Baby Monitor Camera With Wifi,US $1-20 / Piece
GOING tech sim card gsm surveillance 3G 4G security solar powered ip camera temperature sensor and remote control,US $300-1000 / Piece
Thermal Imaging Turret TC1000PTZ Maritime & Targeting System,UNKNOWN
hikvision video surveillance 3MP cctv camera DS-2CE16F7T-IT3 WDR IP66 and EXIR Bullet camera,UNKNOWN
Vandal Proof Armor Dome for Vehicle Surveillance,UNKNOWN
Looline China Manufacturer 960P IP Camera 4 Channel DVR System Home Protection Video,UNKNOWN
deep well inspection camera 5 mega pixel ip surveillance IP /AHD Vehicle Camera,US $1-60 / Piece
960P Remote Controlled Internet WiFi Wireless Network IP Camera for,US $23.8-28.5 / Piece
[marvio IPC 1MP]security RJ45 camera P2P ip camera CCTV manufacturer,US $12-45 / Piece
outdoor security camera ip surveillance,US $15-35 / Piece
"Security HD-SDI CCTV hd 1080p sunglasses camera,hot sales cctv security,fast delivery",UNKNOWN
2mp 1080p outdoor hd ip ir wifi cameras hot selling cctv security &,US $55.0-57.0 / Piece | Buy Now
security surveillance DS-2CD2342WD-I hikvision ip camera,US $91-107 / Piece
"Thermal night vision camera,thermal camera XY-IR313",UNKNOWN
Outdoor Intelligent PTZ Camera IP66 Pan Tilt Zoom for River Bridge,UNKNOWN
Security Surveillance With 24 Pcs IR LED Night Vision Indoor/outdoor Waterproof Security CCTV Camera,US $0.98-1.05 / Piece
"720P Wireless IP Camera.P2P Wifi camera ,home surveillance",US $75-78 / Piece
Best 1.0MP 720P HD AHD&CVI&TVI&CVBS four in one Camera with fixed lens ir cut OSD menu lowest price,US $1-10 / Piece
HD 720P wireless camera &video surveillance install wifi and 3G connection security video camera,UNKNOWN
720P ip cctv home security POE camera surveillance P2P outdoor bullet network camera,UNKNOWN
4CH Hisilicon Wireless NVR kit outdoor wifi 1.3mp camera security video system 960P resolution,US $110-130 / Piece
Cheap best sell ir p2p ip camera surveillance products,US $10-15 / Piece
Ip camera onvif security network surveillance,US $0-25 / Piece
"Plastic IR Dome Cameras Special Features and CMOS CCTV Home ,Ahd Security Camera System",US $1-19 / Piece
HD 1080P Smart Bracelet Hidden Camera DVR Mini DV Video Recorder,US $2.5-21 / Piece
Wifi Wall Clock Radio Camera IP Wall Clock Support Remote Square Design,US $1-46 / Piece
IP Camera Indoor Wireless Network WiFi Night Vision CCTV 3.6mm Lens H.264 CMOS 1.0MP 720P HD IR Cut Onvif,US $23.85 / Pieces
Hikvision 2.0MP Network Camera Module DS-2CD2F22FWD-IS Memory Card Security Camera HD,UNKNOWN
"camera supervision,baby surveillance,voice recorder with camera",UNKNOWN
"Shenzhen manufacturer Home video surveillence p2p ip camera, android/iphone p2p oem/odm,Pan/Tilt wireless ip camera",UNKNOWN
1280*960 HD Motion Detection U9 mini camera de surveillance,US $0.01-10.7 / Piece
2.8-12mm lens 3mp hikvision surveillance products DS-2CD2632F-IS,US $1-140 / Unit
Personal Use Cloud Storage Available Infrared P2P WIFI IP Camera & Baby Monitor & Two-way Talk Office Home Security,US $20-28 / Set
Security cctv hd ip camera 1080p 3.0mp outdoor using high definition,US $1-37.5 / Piece
4K CCTV IP Camera Surveillance High-Tech H.265 12MP IP Camera Available with Face recognition system,US $1000-1200 / Piece
Wopson Camera Surveillance with Waterproof Camera for sale,UNKNOWN
Dome CCTV Surveillance 1.3MP AHD CMOS Color Infrared Camera,US $25-40 / Piece
WHOLESALE! Mini spy surveillance 720p cctv camera with recording,US $21.0-23.5 / Piece | Buy Now
Best Price IP66 1080P low illumination waterproof outdoor cctv ahd camera de PST-AHD101D,US $1-20.11 / Piece
Cheapest! 1080P HD gsm spy scouting camera for,US $50-200 / Piece
Professional AHD Outdoor 1080P CCTV Camera De,US $17.47-18.21 / Piece
outdoor video surveillance / bullet camera 3.6mm Lens sony ccd,US $2-7 / Unit
White Mini Wifi USB Adapter Hidden HD Camera 1080P Charger Camera Home and Security,US $30-35 / Piece
